"External ID","Issue Type","Parent External ID","Epic Name","Summary","Description","Business Value","Acceptance Criteria","Priority","Phase","Suggested Sprint","Component/s","Labels","Story Points","Dependencies","API Endpoints","Code References","Technical Notes / Risks","Definition of Done","Out of Scope"
"MOB-E01","Epic","","Mobile Enablement and API Readiness","Mobile Enablement and API Readiness","Prepare the existing Next.js and Prisma backend for a secure, versioned, reliable React Native client. The current web app exposes roughly 80 API route files, uses bearer session tokens, returns several unpaginated collections, and has mobile-critical media workflows.","Groups related delivery work into a measurable mobile-app outcome.","Epic scope and success metrics are agreed.
All child tickets are estimated and sequenced.
Epic is complete only when every required child ticket meets its Definition of Done.","Highest","Foundation","Sprint 0-1","Backend API,Security,Architecture","mobile,backend,api,security,foundation","","","","","","Required child tickets are accepted; release notes and operational documentation are updated.",""
"MOB-001","Task","MOB-E01","","Confirm mobile personas, MVP scope, supported devices, and success metrics","Run a product workshop to confirm whether the first release is an internal operations app. Proposed MVP personas are installer/field employee, manager, admin, and master admin. Proposed MVP focuses on authentication, assigned lots, project/lot/stage visibility, field photos, maintenance checklists, calendar, search, and dashboard; procurement and administration are phased later.","Prevents an expensive one-for-one desktop port and keeps the first release focused on field and operational value.","Named personas and top jobs-to-be-done are approved.
MVP, Phase 2, and excluded capabilities are documented.
Supported iOS/Android minimums and tablet expectations are agreed.
Success metrics include activation, weekly active users, upload success rate, crash-free sessions, and task completion time.
Decision on public portfolio/customer-facing functionality is recorded.","Highest","Foundation","Sprint 0","Product,Mobile App","mobile,discovery,mvp","3","","","src/app/admin/**; src/app/(public pages)/**; PROJECT_REPORT.md","Working assumption for the rest of this backlog: internal business app; public marketing portfolio remains in Next.js.","Implementation is reviewed; automated tests pass; iOS and Android behavior is verified; documentation is updated; Product Owner accepts the ticket.","UI implementation."
"MOB-002","Spike","MOB-E01","","Publish an authenticated API inventory and OpenAPI contract","Document every mobile-consumed endpoint, request/response schema, authorization rule, enum, error code, multipart field, and date format. Generate an OpenAPI document and typed client artifacts for the React Native codebase.","Reduces integration defects and makes backend/mobile work parallelizable.","OpenAPI contract covers all MVP endpoints.
Examples include success, validation, unauthorized, forbidden, not-found, conflict, and rate-limit responses.
Multipart upload and byte-range media responses are documented.
Enums match Prisma values exactly.
Contract validation runs in CI and generated TypeScript types compile.","Highest","Foundation","Sprint 0","Backend API,Architecture","mobile,api,openapi,contract","8","MOB-001","/api/v1/signin; /api/v1/signout; /api/v1/module_access/*; all MVP resource routes","src/app/api/v1/**/route.js; prisma/schema.prisma","Current API responses generally use {status,message,data}, but shapes and logging warnings vary.","Implementation is reviewed; automated tests pass; iOS and Android behavior is verified; documentation is updated; Product Owner accepts the ticket.",""
"MOB-003","Story","MOB-E01","","Introduce versioned mobile API routes and a consistent response envelope","Expose mobile contracts under a stable version prefix and standardize success, validation, pagination, and error payloads without breaking the existing web client.","Allows the mobile app to evolve safely while the desktop app remains operational.","Mobile endpoints are available under an agreed version such as /api.
Success responses use a documented data/meta envelope.
Errors include stable machine code, user-safe message, field errors where applicable, and correlation ID.
Existing web endpoints continue to work or have a documented migration path.
Contract tests cover representative endpoints.","Highest","Foundation","Sprint 1","Backend API,Architecture","mobile,api,versioning,error-handling","8","MOB-002","","src/app/api/v1/**/route.js","Avoid a flag-day migration of the existing Next.js frontend.","Implementation is reviewed; automated tests pass; iOS and Android behavior is verified; documentation is updated; Product Owner accepts the ticket.",""
"MOB-004","Story","MOB-E01","","Consolidate and harden bearer-session validation","Replace split session-validation behavior with one server-side guard that verifies token existence, expiry, active/verified user state, and current user type in a single lookup. Define revocation and device-session behavior for mobile.","Protects company and employee data and gives mobile a predictable authentication lifecycle.","One shared authentication guard is used by every protected mobile endpoint.
Expired, revoked, inactive, and unverified sessions return 401 with stable error codes.
Session lookup returns current user state rather than trusting stale session user_type.
Sign-out revokes the active token.
Tests cover valid, expired, missing, inactive-user, and revoked sessions.
Session lifetime and optional per-device session policy are documented.","Highest","Foundation","Sprint 1","Backend API,Security","mobile,authentication,session,security","8","MOB-002","/api/v1/signin; /api/v1/signout; all protected routes","src/lib/session.js; src/lib/auth-middleware.js; src/lib/validators/authFromToken.js; src/app/api/v1/signin/route.js; src/app/api/v1/signout/route.js","validateAdminAuth currently accepts admin, master-admin, manager, and employee; getUserFromToken does not itself validate expiry or active user state.","Implementation is reviewed; automated tests pass; iOS and Android behavior is verified; documentation is updated; Product Owner accepts the ticket.",""
"MOB-005","Story","MOB-E01","","Enforce module-level permissions on the server","Map mobile operations to module_access permissions and enforce them in API middleware. Master-admin may bypass module checks; all other roles must satisfy the required permission for both reads and mutations.","Prevents a user from bypassing UI restrictions by calling APIs directly.","A permission matrix maps each mobile route/action to a module_access field.
Unauthorized module access returns 403, distinct from unauthenticated 401.
MASTER/master-admin bypass behavior is explicit and tested.
Read, create, update, delete, upload, and administrative operations are covered.
Permission changes take effect without app reinstall and are reflected after refresh.","Highest","Foundation","Sprint 1","Backend API,Security,Access Control","mobile,rbac,permissions,security","13","MOB-004","/api/v1/module_access/[id]; all protected resource routes","src/components/ProtectedRoute.jsx; prisma/schema.prisma:model module_access; src/app/api/v1/module_access/**","Current granular checks are concentrated in the client-side AdminRoute site map.","Implementation is reviewed; automated tests pass; iOS and Android behavior is verified; documentation is updated; Product Owner accepts the ticket.",""
"MOB-006","Story","MOB-E01","","Add pagination, server-side search, sorting, and filters to mobile collection APIs","Replace full-table list responses used by mobile with cursor or page pagination and resource-specific filters. Prioritize clients, projects, lots, employees, items, MTOs, purchase orders, statements, meetings, logs, and global search.","Keeps mobile screens fast and data usage reasonable as business data grows.","Every mobile collection has bounded page size and deterministic sorting.
Responses include next cursor/page metadata and total count only where efficient.
Search and filters are validated and indexed where necessary.
Deleted records are excluded by default.
Performance tests use production-scale representative data.
Existing web consumers remain compatible.","Highest","Foundation","Sprint 1-2","Backend API,Database,Performance","mobile,pagination,search,performance","13","MOB-003","/api/v1/client/all; /api/v1/project/all; /api/v1/lot/active; /api/v1/employee/all; /api/v1/item/all/[category]; /api/v1/materials_to_order/all; /api/v1/purchase_order/all; /api/v1/meeting/all; /api/v1/logs; /api/v1/search","src/app/api/v1/**/route.js; prisma/schema.prisma","Most current list routes call Prisma findMany without skip/take or cursor.","Implementation is reviewed; automated tests pass; iOS and Android behavior is verified; documentation is updated; Product Owner accepts the ticket.",""
"MOB-007","Story","MOB-E01","","Secure and optimize mobile media upload and delivery","Require authorization for protected media reads, define access checks by lot/project, validate upload sizes and MIME types, support thumbnails, byte ranges, safe filenames, and resumable/retry-friendly behavior.","Protects site imagery and makes photo/video usage practical on mobile networks.","Protected media cannot be fetched without a valid authorized session.
Authorization verifies access to the related lot/project.
Upload limits, allowed MIME types, malware scanning behavior, and rejection errors are documented.
Images have thumbnail/preview variants and videos support byte ranges.
Uploads are idempotent or deduplicated using a client upload ID/checksum.
Deleted media remains inaccessible.
Logging records uploader and result.","Highest","Foundation","Sprint 1-2","Backend API,Media,Security","mobile,media,upload,security,performance","13","MOB-004,MOB-005","/api/v1/uploads/lots/[...path]; /api/v1/lot_file/[id]; /api/v1/maintenance_checklist/upsert","src/app/api/v1/uploads/lots/[...path]/route.js; src/lib/fileHandler.js; src/app/admin/site_photos/page.jsx","Current lot-media GET supports range responses and public immutable caching but does not authenticate before serving an existing non-deleted file.","Implementation is reviewed; automated tests pass; iOS and Android behavior is verified; documentation is updated; Product Owner accepts the ticket.",""
"MOB-008","Story","MOB-E01","","Define mobile environment, networking, timezone, and idempotency rules","Define development/staging/production base URLs, TLS requirements, device connectivity behavior, Australia/Adelaide date handling, mutation idempotency, optimistic-concurrency behavior, and correlation IDs.","Prevents duplicate mutations, timezone drift, and environment-specific failures.","No production secret is exposed through NEXT_PUBLIC or bundled mobile configuration.
All production traffic requires HTTPS.
Dates are transmitted in ISO 8601 with timezone rules documented.
Critical mutations accept an idempotency key and safely replay.
Conflicting updates return 409 with current version data or a documented resolution path.
Every request/response can be traced with a correlation ID.
Staging works from physical iOS and Android devices.","High","Foundation","Sprint 1","Backend API,DevOps,Security","mobile,environment,timezone,idempotency,observability","8","MOB-003,MOB-004","","src/lib/baseUrl.js; src/app/api/v1/dashboard/route.js; src/lib/notification.js","The backend already contains Adelaide-specific dashboard date conversion; notification code reads a WhatsApp token from a NEXT_PUBLIC-named variable and should be reviewed.","Implementation is reviewed; automated tests pass; iOS and Android behavior is verified; documentation is updated; Product Owner accepts the ticket.",""
"MOB-E02","Epic","","React Native Application Foundation","React Native Application Foundation","Create a production-ready React Native application foundation. Recommended baseline for a new app is Expo with TypeScript and Expo Router, subject to a short architecture decision. Use a typed API client, TanStack Query for server state, secure credential storage, and a reusable accessible design system.","Groups related delivery work into a measurable mobile-app outcome.","Epic scope and success metrics are agreed.
All child tickets are estimated and sequenced.
Epic is complete only when every required child ticket meets its Definition of Done.","Highest","Foundation","Sprint 0-2","Mobile App,Architecture,DevOps","mobile,react-native,expo,foundation","","","","","","Required child tickets are accepted; release notes and operational documentation are updated.",""
"MOB-009","Spike","MOB-E02","","Record the React Native architecture decision","Validate Expo managed/CNG suitability for camera, gallery, document picker, file system, secure storage, notifications, deep links, background upload constraints, PDF viewing, and EAS build/release. Record fallback criteria for bare React Native.","Confirms the framework choice before feature investment.","ADR compares Expo and bare React Native against every required native capability.
A proof of concept authenticates, captures a photo, uploads multipart data, and opens a deep link on iOS and Android.
Background-task limitations and required development-build plugins are recorded.
Team approves the chosen approach and upgrade policy.","Highest","Foundation","Sprint 0","Mobile App,Architecture","mobile,react-native,expo,spike,adr","5","MOB-001","","","React Native currently recommends using a framework for new apps: https://reactnative.dev/docs/environment-setup . Expo Router docs: https://docs.expo.dev/router/introduction/ .","Implementation is reviewed; automated tests pass; iOS and Android behavior is verified; documentation is updated; Product Owner accepts the ticket.","Production feature implementation."
"MOB-010","Task","MOB-E02","","Scaffold the Expo TypeScript app and repository structure","Create the mobile project with strict TypeScript, Expo Router, linting, formatting, path aliases, environment validation, test setup, and feature-oriented folders. Decide whether it lives in a monorepo or sibling repository.","Provides a consistent base that multiple developers can extend safely.","App launches in iOS simulator/device and Android emulator/device.
Strict TypeScript, lint, unit test, and type-check commands pass.
Routing has authenticated and unauthenticated groups.
Feature, shared UI, API, storage, and test folder conventions are documented.
Repository ownership and versioning strategy are approved.","Highest","Foundation","Sprint 0","Mobile App,Architecture","mobile,react-native,expo,typescript,scaffold","5","MOB-009","","","","Implementation is reviewed; automated tests pass; iOS and Android behavior is verified; documentation is updated; Product Owner accepts the ticket.",""
"MOB-011","Task","MOB-E02","","Configure development, staging, and production app environments","Add validated non-secret runtime configuration, app identifiers, URL schemes, icons/splash placeholders, build profiles, and safe feature flags for each environment.","Prevents accidental production access and makes testing repeatable.","Each environment has a distinct app name/identifier and API base URL.
Missing or invalid configuration fails fast with a useful error.
Secrets are stored in the build service or CI secret store, never committed or bundled unnecessarily.
Staging and production can coexist on a test device.
Environment-switching instructions are documented.","Highest","Foundation","Sprint 0","Mobile App,DevOps","mobile,environment,configuration,eas","3","MOB-010,MOB-008","","","","Implementation is reviewed; automated tests pass; iOS and Android behavior is verified; documentation is updated; Product Owner accepts the ticket.",""
"MOB-012","Story","MOB-E02","","Build the mobile design system and accessibility baseline","Translate Ikoniq branding into mobile tokens and reusable controls: typography, color, spacing, buttons, fields, cards, chips, loaders, empty/error states, bottom sheets, dialogs, lists, date inputs, upload tiles, and status indicators.","Creates a coherent interface and reduces feature delivery time.","Tokens support light mode and an agreed dark-mode stance.
Components meet minimum touch-target, contrast, dynamic type, screen-reader label, and focus-order requirements.
Status colors always include a non-color cue.
Form controls expose errors accessibly.
A component catalogue documents variants and usage.
Representative screens pass iOS VoiceOver and Android TalkBack checks.","High","Foundation","Sprint 1","Mobile App,Design System,Accessibility","mobile,ui,design-system,accessibility","13","MOB-010","","src/styles/**; src/components/**; public/logo2.png","","Implementation is reviewed; automated tests pass; iOS and Android behavior is verified; documentation is updated; Product Owner accepts the ticket.",""
"MOB-013","Story","MOB-E02","","Implement the typed API client and server-state layer","Create one HTTP client with base URL, bearer-token injection, timeout, retries for safe operations, cancellation, correlation IDs, error normalization, and typed endpoint modules. Configure TanStack Query for caching, invalidation, focus/reconnect behavior, and pagination.","Centralizes networking behavior and eliminates duplicated fetch logic.","Generated or contract-aligned types compile.
401, 403, 409, 422, 429, timeout, and offline errors map to consistent app errors.
GET retries are bounded; unsafe mutation retries require idempotency support.
Requests cancel on obsolete screen operations where appropriate.
Query focus/online managers react to AppState and network status.
Unit tests cover token injection and error handling.","Highest","Foundation","Sprint 1","Mobile App,Networking","mobile,api,tanstack-query,networking","8","MOB-002,MOB-003,MOB-010","","","TanStack Query supports React Native; configure online/focus behavior explicitly: https://tanstack.com/query/latest/docs/framework/react/installation .","Implementation is reviewed; automated tests pass; iOS and Android behavior is verified; documentation is updated; Product Owner accepts the ticket.",""
"MOB-014","Story","MOB-E02","","Implement secure local storage and cache boundaries","Store the session token only in encrypted platform storage. Define which non-sensitive query data may persist for offline use, retention limits, logout cleanup, and protection for employee/client data.","Supports session continuity without leaking sensitive information.","Bearer token is stored in SecureStore/Keychain/Keystore, not AsyncStorage or logs.
Logout removes credentials and protected cached data.
Sensitive fields such as banking, TFN, credentials, and statement files are not persisted unless explicitly approved and encrypted.
Cache migrations and corruption recovery are handled.
Device reinstall/backup behavior is documented and tested.","Highest","Foundation","Sprint 1","Mobile App,Security,Offline","mobile,secure-storage,privacy,cache","5","MOB-010","","prisma/schema.prisma:model employees; src/contexts/auth.js","Expo SecureStore encrypts local key-value data but must not be the sole source of irreplaceable data: https://docs.expo.dev/versions/latest/sdk/securestore/ .","Implementation is reviewed; automated tests pass; iOS and Android behavior is verified; documentation is updated; Product Owner accepts the ticket.",""
"MOB-015","Story","MOB-E02","","Implement authenticated navigation, permission gates, and deep links","Create the root navigation structure with login flow, role/module-aware tabs and stacks, denied-access states, session-expired redirect, and typed deep links to project, lot, stage, media, meeting, MTO, and purchase-order records.","Gets users to authorized work quickly and enables notification-driven navigation.","Unauthenticated users cannot reach protected routes.
Visible navigation reflects server-returned permissions.
Direct/deep links revalidate permission before showing content.
Denied access shows a safe 403 state without flashing protected data.
Expired sessions return to login while preserving a safe post-login destination.
All supported links work from cold start and background on both platforms.","Highest","MVP","Sprint 1-2","Mobile App,Navigation,Access Control","mobile,navigation,deep-link,permissions","8","MOB-005,MOB-010,MOB-014","","src/components/ProtectedRoute.jsx","","Implementation is reviewed; automated tests pass; iOS and Android behavior is verified; documentation is updated; Product Owner accepts the ticket.",""
"MOB-016","Task","MOB-E02","","Set up mobile CI, EAS builds, signing, and internal distribution","Automate dependency install, type-check, lint, unit tests, security checks, Android/iOS builds, artifact retention, and internal distribution using protected signing credentials.","Makes every change testable and releaseable without manual build drift.","Pull requests run type-check, lint, tests, and dependency/security checks.
Staging builds are produced from the protected integration branch.
Signing credentials are access-controlled and recoverable.
Internal Android and iOS testers can install builds.
Build provenance, version numbering, and rollback procedure are documented.","High","Foundation","Sprint 1","Mobile App,DevOps,CI/CD","mobile,ci,eas,build,distribution","8","MOB-010,MOB-011","","","Expo Application Services overview: https://docs.expo.dev/eas/ .","Implementation is reviewed; automated tests pass; iOS and Android behavior is verified; documentation is updated; Product Owner accepts the ticket.",""
"MOB-E03","Epic","","Identity, Access, Profile, and Preferences","Identity, Access, Profile, and Preferences","Deliver secure sign-in, session lifecycle, module-aware access, user profile, and notification preferences for mobile users.","Groups related delivery work into a measurable mobile-app outcome.","Epic scope and success metrics are agreed.
All child tickets are estimated and sequenced.
Epic is complete only when every required child ticket meets its Definition of Done.","Highest","MVP","Sprint 2-3","Mobile App,Backend API,Security","mobile,authentication,profile,permissions","","","","","","Required child tickets are accepted; release notes and operational documentation are updated.",""
"MOB-017","Story","MOB-E03","","Build sign-in with rate-limit and account-state handling","Create the username/password sign-in screen and integrate the existing session-token API. Handle generic credential errors, inactive accounts, network errors, loading, password visibility, and 429 retry-after feedback.","Allows authorized employees to access the mobile app securely.","Valid credentials create a session and navigate to the authorized home screen.
Invalid username/password uses one generic message.
Inactive account, offline, timeout, and server errors have distinct safe guidance.
429 response displays a countdown or retry time and disables repeat submission.
Credentials are not logged or persisted.
Accessibility and keyboard behavior pass on iOS and Android.","Highest","MVP","Sprint 2","Mobile App,Authentication","mobile,login,authentication,rate-limit","5","MOB-004,MOB-013,MOB-014,MOB-015","POST /api/v1/signin","src/app/api/v1/signin/route.js; src/app/admin/login/page.jsx","","Implementation is reviewed; automated tests pass; iOS and Android behavior is verified; documentation is updated; Product Owner accepts the ticket.",""
"MOB-018","Story","MOB-E03","","Restore sessions, handle global 401 responses, and sign out","Restore encrypted credentials at launch, validate server session state, route reliably during the splash screen, handle revoked/expired sessions globally, and revoke the active token on sign-out.","Provides predictable access without stale or ghost sessions.","Launch does not show protected data until session validation completes.
Valid sessions restore the user and permissions.
Any protected 401 triggers one coordinated re-authentication flow.
Sign-out calls the server, clears local protected data even if offline, and returns to login.
Multi-request 401 storms do not produce repeated dialogs or navigation loops.","Highest","MVP","Sprint 2","Mobile App,Authentication","mobile,session,logout,authentication","5","MOB-004,MOB-013,MOB-014,MOB-017","POST /api/v1/signout; session validation endpoint from MOB-004","src/state/action/loggedInUser.js; src/contexts/AuthContext.jsx","","Implementation is reviewed; automated tests pass; iOS and Android behavior is verified; documentation is updated; Product Owner accepts the ticket.",""
"MOB-019","Story","MOB-E03","","Load module permissions and tailor mobile navigation/actions","Fetch current-user module_access and hide or disable screens and actions accordingly, while treating server authorization as the source of truth.","Gives each employee a focused app and avoids exposing unavailable operations.","Permission data loads after authentication and refreshes on app resume or explicit refresh.
Tabs, menu entries, create/edit/delete/upload actions map to documented permission fields.
Master-admin bypass is handled.
403 responses refresh permissions and show an access-denied state.
Permission tests cover representative role combinations.","Highest","MVP","Sprint 2","Mobile App,Access Control","mobile,permissions,rbac,navigation","5","MOB-005,MOB-015,MOB-018","GET /api/v1/module_access/[userId]","src/components/ProtectedRoute.jsx; prisma/schema.prisma:model module_access","","Implementation is reviewed; automated tests pass; iOS and Android behavior is verified; documentation is updated; Product Owner accepts the ticket.",""
"MOB-020","Story","MOB-E03","","Build current-user profile and password update","Show the signed-in user's account and safe employee profile fields. Allow supported account changes and password updates with current validation and re-authentication rules.","Lets users maintain their own account without desktop access.","Profile shows username, role, name, work contact details, and avatar when authorized.
Sensitive HR/banking/TFN fields are excluded from the mobile self-service view unless separately approved.
Editable fields validate locally and on the server.
Password update requires the agreed verification policy and invalidates sessions if required.
Success and failure states are clear and cached profile data refreshes.","Medium","MVP","Sprint 3","Mobile App,Profile,Backend API","mobile,profile,password,privacy","8","MOB-018,MOB-019","GET/PATCH /api/v1/user/[id]; GET /api/v1/employee/[id]","src/app/admin/settings/page.jsx; src/app/api/v1/user/[id]/route.js; prisma/schema.prisma:model employees","","Implementation is reviewed; automated tests pass; iOS and Android behavior is verified; documentation is updated; Product Owner accepts the ticket.",""
"MOB-021","Story","MOB-E03","","Build notification preference settings","Allow users to view and update existing per-user notification flags for meetings, assigned installers, MTOs, stock, statements, and individual stage events.","Reduces alert fatigue while preserving operational notifications.","All notification_config fields supported by the backend are represented with understandable labels and grouping.
Current values load accurately.
Changes use optimistic UI with rollback on failure or explicit Save with dirty-state handling.
Unauthorized settings are not shown.
Preference changes affect subsequent notification recipient selection.","Medium","MVP","Sprint 3","Mobile App,Notifications,Settings","mobile,notifications,preferences","5","MOB-018","GET/PATCH /api/v1/notification_config/[user_id]","src/app/admin/settings/page.jsx; src/app/admin/site_photos/page.jsx; prisma/schema.prisma:model notification_config","","Implementation is reviewed; automated tests pass; iOS and Android behavior is verified; documentation is updated; Product Owner accepts the ticket.",""
"MOB-E04","Epic","","Mobile Dashboard and Global Search","Mobile Dashboard and Global Search","Provide an at-a-glance operational home screen and permission-aware search optimized for small screens and quick action.","Groups related delivery work into a measurable mobile-app outcome.","Epic scope and success metrics are agreed.
All child tickets are estimated and sequenced.
Epic is complete only when every required child ticket meets its Definition of Done.","High","MVP","Sprint 3","Mobile App,Backend API","mobile,dashboard,search","","","","","","Required child tickets are accepted; release notes and operational documentation are updated.",""
"MOB-022","Story","MOB-E04","","Build permission-aware mobile dashboard KPIs","Create a responsive home dashboard showing active projects, active lots, active MTOs, active purchase orders, completed projects, and average duration according to user permissions.","Gives managers a fast operational pulse and gives employees an actionable home screen.","KPI values match the backend for selected year/month filters.
Cards only appear when the user can access their destination.
Pull-to-refresh, loading skeletons, empty state, and retry are implemented.
Tapping a card opens the correctly filtered destination.
Dashboard remains usable on compact phones and tablets.","High","MVP","Sprint 3","Mobile App,Dashboard","mobile,dashboard,kpi","8","MOB-006,MOB-013,MOB-019","POST /api/v1/dashboard","src/app/admin/dashboard/page.jsx; src/app/api/v1/dashboard/route.js","","Implementation is reviewed; automated tests pass; iOS and Android behavior is verified; documentation is updated; Product Owner accepts the ticket.",""
"MOB-023","Story","MOB-E04","","Add actionable stage deadlines and upcoming meetings to the dashboard","Show upcoming/overdue stage deadlines and upcoming meetings with compact status, dates, participants/lots, and deep links.","Surfaces the next operational actions without requiring navigation through large data sets.","Deadlines are ordered by urgency and distinguish overdue, due today, and upcoming.
Meeting cards show local date/time, title, linked lots, and participants.
Tapping a record deep-links to its detail screen.
Timezone behavior is correct for Australia/Adelaide and device timezone policy.
Empty and error states are present.","High","MVP","Sprint 3","Mobile App,Dashboard,Calendar","mobile,deadline,meeting,dashboard","5","MOB-015,MOB-022","POST /api/v1/dashboard","src/app/admin/dashboard/page.jsx","","Implementation is reviewed; automated tests pass; iOS and Android behavior is verified; documentation is updated; Product Owner accepts the ticket.",""
"MOB-024","Story","MOB-E04","","Build debounced permission-aware global search","Search projects, lots, clients, suppliers, employees, items, MTOs, and purchase orders and route each result to its native detail screen.","Lets field and office users reach records quickly without desktop-style menus.","Search waits for the agreed minimum query length and is debounced/cancellable.
Results are grouped by entity with useful secondary labels.
Server filters out entities the user cannot access.
Pagination or capped grouped results prevent oversized responses.
Recent searches are optional, local, clearable, and contain no sensitive payloads.
Each result deep-links correctly.","High","MVP","Sprint 3","Mobile App,Search,Backend API","mobile,search,deep-link","8","MOB-005,MOB-006,MOB-013,MOB-015","POST /api/v1/search","src/components/SearchBar.jsx; src/app/api/v1/search/route.js","","Implementation is reviewed; automated tests pass; iOS and Android behavior is verified; documentation is updated; Product Owner accepts the ticket.",""
"MOB-E05","Epic","","Projects, Lots, and Workflow Stages","Projects, Lots, and Workflow Stages","Deliver the core operational workflow for finding projects, opening lots, tracking stages, assignments, dates, and client context.","Groups related delivery work into a measurable mobile-app outcome.","Epic scope and success metrics are agreed.
All child tickets are estimated and sequenced.
Epic is complete only when every required child ticket meets its Definition of Done.","Highest","MVP","Sprint 3-5","Mobile App,Backend API,Projects","mobile,projects,lots,stages,workflow","","","","","","Required child tickets are accepted; release notes and operational documentation are updated.",""
"MOB-025","Story","MOB-E05","","Build paginated project list with search and status context","Show projects with client name, project identifier/name, active lot count, progress/status summary, and search/filter/sort controls appropriate to mobile.","Creates the primary entry point for operational work.","List loads incrementally and supports pull-to-refresh.
Search and filters execute server-side.
Deleted projects are excluded.
Rows show enough context to distinguish similarly named projects.
Loading, empty, offline-cache, and error states are implemented.
Tapping opens project detail.","Highest","MVP","Sprint 3","Mobile App,Projects","mobile,projects,list,pagination","8","MOB-006,MOB-013,MOB-019","GET /api/v1/project/all","src/app/admin/projects/page.jsx; src/app/api/v1/project/all/route.js","","Implementation is reviewed; automated tests pass; iOS and Android behavior is verified; documentation is updated; Product Owner accepts the ticket.",""
"MOB-026","Story","MOB-E05","","Build project detail and lot selection","Show project identity, client context, lots, key dates/status, and authorized actions. Avoid reproducing the desktop tab layout literally; use native sections and drill-down screens.","Gives a compact mobile overview of each job.","Project data and non-deleted lots match the API.
Lot cards show identifier, name, status, installer, installation due date, and progress where available.
Client phone/email/address actions use native linking after confirmation.
Authorized edit actions are available; destructive actions are excluded from MVP unless approved.
Refresh and cache invalidation work after lot or project updates.","Highest","MVP","Sprint 3-4","Mobile App,Projects,Lots","mobile,project-detail,lots","8","MOB-025","GET/PATCH /api/v1/project/[id]; GET /api/v1/lot/[id]","src/app/admin/projects/[id]/page.jsx; src/app/api/v1/project/[id]/route.js","","Implementation is reviewed; automated tests pass; iOS and Android behavior is verified; documentation is updated; Product Owner accepts the ticket.","Project hard-delete; desktop PDF/Excel generation."
"MOB-027","Story","MOB-E05","","Build lot detail with installer, dates, notes, and status","Create a native lot detail view showing project/client context, installer contact, start date, installation due date, status, installer notes, stages, tabs, and authorized edit controls.","Consolidates the information field staff need on site.","Lot detail maps all supported fields and handles missing installer/dates safely.
Status only permits ACTIVE, COMPLETED, or CANCELLED.
Date edits use the agreed Adelaide/device timezone policy.
Installer assignment validates against active employees.
Notes preserve line breaks and length constraints.
Successful edits refresh project, dashboard, and assigned-lot caches.","Highest","MVP","Sprint 4","Mobile App,Lots","mobile,lot-detail,installer,status","8","MOB-026","GET/PATCH /api/v1/lot/[id]; GET /api/v1/employee/all","src/app/admin/projects/[id]/page.jsx; src/app/api/v1/lot/[id]/route.js","","Implementation is reviewed; automated tests pass; iOS and Android behavior is verified; documentation is updated; Product Owner accepts the ticket.",""
"MOB-028","Story","MOB-E05","","Build stage list with status, dates, notes, and assignees","Show the canonical project-stage sequence, current status, schedule, notes, and assigned employees for a selected lot.","Makes workflow progress understandable on a phone.","All canonical stages are shown in business order, including not-yet-created stages as NOT_STARTED where appropriate.
Status labels support NOT_STARTED, IN_PROGRESS, DONE, and NA.
Stage date range and assigned employees are visible.
Progress percentage uses the agreed denominator and handles NA explicitly.
Users without update permission get a read-only view.","Highest","MVP","Sprint 4","Mobile App,Stages","mobile,stages,workflow,progress","5","MOB-027","GET /api/v1/lot/[id]","src/app/admin/projects/components/StageTable.jsx; src/components/constants.js","","Implementation is reviewed; automated tests pass; iOS and Android behavior is verified; documentation is updated; Product Owner accepts the ticket.",""
"MOB-029","Story","MOB-E05","","Create and update stage status, schedule, notes, and assignments","Allow authorized users to create a missing stage or update an existing stage from mobile, with assignment multi-select and validation that stage dates stay within lot dates.","Enables real-time workflow updates from production and site.","Missing stages can be created without duplicate names for a lot.
Existing stage updates support status, start/end date, notes, and employee IDs.
Start cannot exceed end; stage dates must remain within the parent lot range where that rule applies.
Optimistic updates roll back on failure and conflicts are surfaced.
DONE transitions trigger existing notification behavior once.
Audit log identifies the mobile user and changed entity.","Highest","MVP","Sprint 4","Mobile App,Stages,Backend API","mobile,stage-update,assignment,audit","8","MOB-005,MOB-008,MOB-028","POST /api/v1/stage/create; PATCH /api/v1/stage/[id]; GET /api/v1/employee/all","src/app/admin/projects/components/StageTable.jsx; src/app/admin/projects/lotatglance/page.jsx; src/app/api/v1/stage/**","","Implementation is reviewed; automated tests pass; iOS and Android behavior is verified; documentation is updated; Product Owner accepts the ticket.",""
"MOB-030","Story","MOB-E05","","Build a mobile Lot at a Glance view","Provide a mobile-first overview of active lots with search, stage-status filters, completion, due dates, and quick status actions. Use cards or a horizontally constrained matrix rather than porting the desktop spreadsheet table.","Gives managers fast portfolio-level visibility from a phone.","Active lots can be searched and filtered by one or more stage statuses.
Each lot shows project/client, lot ID, installation date, progress, and critical stage state.
Quick stage updates use the same permissions and mutation flow as stage detail.
Filters persist locally but can be reset.
Large result sets remain smooth and paginated.
Tablet layout may add a denser matrix without harming phone usability.","High","MVP","Sprint 5","Mobile App,Lots,Stages","mobile,lot-at-a-glance,filters,manager","13","MOB-006,MOB-028,MOB-029","GET /api/v1/lot/active; POST/PATCH stage routes","src/app/admin/projects/lotatglance/page.jsx","","Implementation is reviewed; automated tests pass; iOS and Android behavior is verified; documentation is updated; Product Owner accepts the ticket.","Excel export and drag-based desktop Gantt in MVP."
"MOB-031","Story","MOB-E05","","Add read-only material selection, materials-to-order, and used-material sections to lot detail","Expose existing material selection versions, MTO status/items, and used-material summary from a lot/project so field users can reference current specifications without editing complex desktop forms.","Reduces reliance on printed or stale material information on site.","Latest material-selection version and version history are identifiable.
MTO items show category-specific identity, requested/ordered/used quantities, and notes.
Used materials show item, quantity, and related lot/project context.
Attachments open in the native viewer.
Edit/export actions are omitted until Phase 2 unless separately authorized.","Medium","MVP","Sprint 5","Mobile App,Projects,Materials","mobile,material-selection,mto,read-only","8","MOB-026,MOB-035","GET /api/v1/material_selection/lot/[lot_id]; GET /api/v1/material_selection/version/[version_id]; GET /api/v1/materials_to_order/[id]; GET /api/v1/project/[id]/used-materials","src/app/admin/projects/components/MaterialSelection.jsx; src/app/admin/projects/components/MaterialsToOrder.jsx; src/app/admin/projects/components/UsedMaterials.jsx","","Implementation is reviewed; automated tests pass; iOS and Android behavior is verified; documentation is updated; Product Owner accepts the ticket.","PDF/XLSX generation and full material-selection authoring."
"MOB-E06","Epic","","Field Operations, Media, and Offline Reliability","Field Operations, Media, and Offline Reliability","Enable installers and field employees to work from assigned lots, capture and upload site media, annotate files, complete maintenance steps, view documents, and continue through intermittent connectivity.","Groups related delivery work into a measurable mobile-app outcome.","Epic scope and success metrics are agreed.
All child tickets are estimated and sequenced.
Epic is complete only when every required child ticket meets its Definition of Done.","Highest","MVP","Sprint 4-6","Mobile App,Media,Offline,Backend API","mobile,field,media,offline,installer","","","","","","Required child tickets are accepted; release notes and operational documentation are updated.",""
"MOB-032","Story","MOB-E06","","Build My Assigned Lots for installers","Show lots assigned to the signed-in employee with project/client context, dates, status, address/contact actions where available, upload progress, and notification toggle entry.","Gives installers a focused work queue instead of the full admin application.","Only lots assigned to the current user are returned for employee users.
Managers/admins follow the agreed broader visibility rule.
Cards show project, client, lot ID/name, installation due date, and status.
Search/filter and pull-to-refresh are supported.
Tapping a lot opens field operations for that lot.
Empty assignment state provides guidance.","Highest","MVP","Sprint 4","Mobile App,Field Operations","mobile,installer,assigned-lots,field","8","MOB-019,MOB-027","GET /api/v1/lot/installer/[userId]","src/app/admin/site_photos/page.jsx; src/app/api/v1/lot/installer/[id]/route.js","","Implementation is reviewed; automated tests pass; iOS and Android behavior is verified; documentation is updated; Product Owner accepts the ticket.",""
"MOB-033","Story","MOB-E06","","Implement camera, photo-library, and document-picker permissions","Request camera, media-library, microphone where video requires it, and document-picker access only at the moment of use. Provide rationale, limited-access handling, denial recovery, and Settings deep links.","Makes field capture reliable and respects platform privacy expectations.","Permissions are requested contextually, not on first launch without need.
Denied, restricted, and limited-photo-library states have clear recovery actions.
Camera and picker support the approved image/video/document types.
Platform usage descriptions match actual use.
No capture starts without explicit user action.
Behavior is tested on supported iOS and Android versions.","Highest","MVP","Sprint 4","Mobile App,Media,Privacy","mobile,camera,permissions,privacy","5","MOB-009,MOB-012","","","Expo Camera is available for iOS and Android: https://docs.expo.dev/versions/latest/sdk/camera/ .","Implementation is reviewed; automated tests pass; iOS and Android behavior is verified; documentation is updated; Product Owner accepts the ticket.",""
"MOB-034","Story","MOB-E06","","Capture, preview, compress, and classify site media","Let users capture or select multiple media files, preview them, remove unwanted selections, add per-file notes, and classify them into delivery, installation, maintenance, finished-site, site, or measurement groups.","Reduces upload time and improves the quality and organization of site evidence.","Users can capture/select supported files and see size/type before upload.
Images are orientation-corrected and compressed to an agreed quality/size without destroying required detail.
Videos follow defined duration/size rules.
Each file can have notes.
Site and measurement photos map to SITE_MEASUREMENTS with the correct site_group.
The app warns before discarding pending selections.","Highest","MVP","Sprint 4-5","Mobile App,Media,Field Operations","mobile,media,capture,compression,classification","8","MOB-033","","src/app/admin/site_photos/page.jsx; prisma/schema.prisma:TabKind,FileKind,SiteMeasurements","","Implementation is reviewed; automated tests pass; iOS and Android behavior is verified; documentation is updated; Product Owner accepts the ticket.",""
"MOB-035","Story","MOB-E06","","Build a resilient upload queue with progress, retry, and idempotency","Upload selected files as multipart form data with per-file progress, bounded concurrency, foreground/background transition handling, retry, cancellation, persisted pending queue, and duplicate prevention.","Prevents losing field work on weak mobile connections.","Each file shows queued, uploading, uploaded, failed, or cancelled state.
Queue survives app backgrounding and process restart to the extent supported by the selected framework.
Retries use client upload IDs/idempotency and do not create duplicate lot_file records.
User can retry or remove failures individually and submit all.
Successful uploads invalidate lot/media caches.
Uploads over cellular follow the agreed user setting/warning.
Telemetry records duration, bytes, retries, and failure code without file content.","Highest","MVP","Sprint 5","Mobile App,Media,Offline,Networking","mobile,upload,queue,retry,idempotency","13","MOB-007,MOB-008,MOB-013,MOB-034","POST /api/v1/uploads/lots/[project_id]/[lot_id]/[tabkind]","src/app/admin/site_photos/page.jsx; src/app/admin/projects/components/FileUploadSection.jsx","","Implementation is reviewed; automated tests pass; iOS and Android behavior is verified; documentation is updated; Product Owner accepts the ticket.",""
"MOB-036","Story","MOB-E06","","Build native lot media gallery and file viewer","Display lot-tab media using thumbnails and lazy loading. Open images, videos, PDFs, and other documents using secure authenticated download/cache behavior.","Makes drawings, specifications, measurements, and site photos available in the field.","Gallery groups files by lot tab and site_group where applicable.
Thumbnails and pagination/lazy loading limit memory and bandwidth.
Image zoom, video playback with byte ranges, and PDF/document viewing are supported.
Protected files cannot be opened after sign-out.
User can explicitly download/share only when permitted.
Viewer handles missing, deleted, unsupported, and offline-not-cached files.","Highest","MVP","Sprint 5","Mobile App,Media,Documents","mobile,gallery,pdf,video,documents","13","MOB-007,MOB-013,MOB-035","GET /api/v1/lot/[id]; GET /api/v1/uploads/lots/[...path]","src/app/admin/projects/components/ViewMedia.jsx; src/app/admin/projects/[id]/page.jsx","","Implementation is reviewed; automated tests pass; iOS and Android behavior is verified; documentation is updated; Product Owner accepts the ticket.",""
"MOB-037","Story","MOB-E06","","Edit file notes and soft-delete uploaded media","Allow authorized users to update lot_file notes and soft-delete a file with confirmation, optimistic feedback, audit logging, and cache refresh.","Keeps site media accurate without risking irreversible deletion.","Notes load and update for the selected file.
Delete confirmation names the file and explains soft-delete behavior.
Only authorized users see edit/delete actions.
Deleted files disappear from active galleries and return 404 from media delivery.
Failure restores the item and shows a useful error.
Audit log records user, entity, and action.","High","MVP","Sprint 5","Mobile App,Media,Audit","mobile,file-notes,soft-delete,audit","5","MOB-005,MOB-036","PATCH /api/v1/lot_file/[id]; DELETE /api/v1/uploads/lots/[...path]","src/app/admin/site_photos/page.jsx; src/app/api/v1/lot_file/[id]/route.js","","Implementation is reviewed; automated tests pass; iOS and Android behavior is verified; documentation is updated; Product Owner accepts the ticket.",""
"MOB-038","Story","MOB-E06","","Build maintenance photo checklist","For maintenance files, show and update the prepared-by-office, prepared-by-production, delivered-to-site, and installed checklist.","Provides a shared handoff record across office, production, delivery, and installation.","Checklist is shown only for applicable maintenance files.
All four Boolean states load accurately and can be updated by authorized users.
Updates are idempotent upserts and preserve unrelated fields.
Offline edits are queued or clearly blocked according to the offline policy.
Concurrent changes resolve safely or present a conflict.
Audit/telemetry records the outcome.","High","MVP","Sprint 5","Mobile App,Field Operations,Maintenance","mobile,maintenance,checklist","5","MOB-036,MOB-040","POST /api/v1/maintenance_checklist/upsert","src/app/admin/site_photos/page.jsx; prisma/schema.prisma:model maintenance_checklist","","Implementation is reviewed; automated tests pass; iOS and Android behavior is verified; documentation is updated; Product Owner accepts the ticket.",""
"MOB-039","Story","MOB-E06","","Build site-measurement photo grouping and workflow","Support SITE_PHOTOS and MEASUREMENT_PHOTOS as distinct mobile choices while mapping both to the SITE_MEASUREMENTS lot tab and correct site_group values.","Preserves the domain distinction used by drafting and site teams.","Users can clearly choose Site Photos or Measurement Photos.
Uploads send tabkind=site_measurements and correct site_group.
Gallery filters and labels preserve the two groups.
Existing files without a group are handled under an explicit fallback label.
Notes and delete behavior match other lot media.","High","MVP","Sprint 5","Mobile App,Site Measurements,Media","mobile,site-measurements,photos","5","MOB-034,MOB-035,MOB-036","POST/GET /api/v1/uploads/lots/[...path]","src/app/admin/site_photos/page.jsx; src/app/admin/projects/components/SiteMeasurement.jsx","","Implementation is reviewed; automated tests pass; iOS and Android behavior is verified; documentation is updated; Product Owner accepts the ticket.",""
"MOB-040","Story","MOB-E06","","Implement offline read cache and queued field mutations","Define and implement offline behavior for assigned lots, lot details, stages, media metadata, notes, checklists, and upload queue. Show data freshness and pending-sync state.","Keeps the app useful on construction sites with intermittent connectivity.","Previously loaded assigned lots and lot details remain readable offline within retention limits.
Pending notes/checklist changes and uploads are durable and visibly marked.
Sync resumes on reconnect with bounded retries.
Conflicts follow the agreed 409 resolution policy and never silently overwrite newer server data.
Users can inspect and retry/discard failed queue items.
Logout clears protected offline data.
Offline test matrix passes on iOS and Android.","Highest","MVP","Sprint 5-6","Mobile App,Offline,Sync","mobile,offline,sync,queue,conflict","13","MOB-008,MOB-013,MOB-014,MOB-035","","","","Implementation is reviewed; automated tests pass; iOS and Android behavior is verified; documentation is updated; Product Owner accepts the ticket.",""
"MOB-E07","Epic","","Calendar, Meetings, and Re-engagement","Calendar, Meetings, and Re-engagement","Provide a native calendar and meeting workflow with participants, linked lots, reminders, and deep-link re-engagement.","Groups related delivery work into a measurable mobile-app outcome.","Epic scope and success metrics are agreed.
All child tickets are estimated and sequenced.
Epic is complete only when every required child ticket meets its Definition of Done.","High","MVP","Sprint 5-6","Mobile App,Calendar,Notifications","mobile,calendar,meetings,notifications","","","","","","Required child tickets are accepted; release notes and operational documentation are updated.",""
"MOB-041","Story","MOB-E07","","Build meeting agenda and calendar views","Show shared meetings in agenda and month views with local date/time, title, linked lots, participants, notes, and quick navigation to related records.","Lets staff coordinate upcoming work from mobile.","Agenda view is the default on compact phones; month view is available.
Meetings show start/end, title, participants, lots, and notes.
Date navigation and Today action work across month/year boundaries.
Timezone conversion follows the agreed policy.
Pull-to-refresh, pagination/range loading, empty, and error states are present.
Related lots open via deep links.","High","MVP","Sprint 5","Mobile App,Calendar","mobile,calendar,meetings,agenda","8","MOB-006,MOB-013,MOB-015","GET /api/v1/meeting/all or date-range mobile endpoint","src/app/admin/calendar/page.jsx; src/app/api/v1/meeting/all/route.js","","Implementation is reviewed; automated tests pass; iOS and Android behavior is verified; documentation is updated; Product Owner accepts the ticket.",""
"MOB-042","Story","MOB-E07","","Create, edit, and soft-delete meetings","Allow authorized users to create or edit a meeting with title, start/end, notes, reminder, participants, and linked lots; allow deletion with confirmation.","Enables scheduling changes away from the office.","Required fields and end-after-start validation are enforced.
Current user participation follows the agreed business rule.
Participant and lot selectors are searchable and paginated.
Create/edit refreshes dashboard and calendar caches.
Delete requires confirmation and follows existing data-retention rules.
Meeting notifications are not duplicated on retries.
Audit log records successful mutations.","High","MVP","Sprint 5-6","Mobile App,Calendar,Backend API","mobile,meeting,crud,participants","8","MOB-005,MOB-006,MOB-041","POST /api/v1/meeting/create; PATCH/DELETE /api/v1/meeting/[id]; GET /api/v1/user/all; GET /api/v1/lot/active","src/app/admin/calendar/page.jsx; src/app/api/v1/meeting/**","","Implementation is reviewed; automated tests pass; iOS and Android behavior is verified; documentation is updated; Product Owner accepts the ticket.",""
"MOB-043","Story","MOB-E07","","Add push registration, notification routing, and deep-link handling","Register device push tokens per user/device, deliver supported operational notifications, respect preferences, route taps to native records, and remove invalid tokens.","Brings users back to time-sensitive work such as assignments, stages, meetings, stock, and statements.","Permission request occurs after an explanatory prompt and supports denial.
Backend stores multiple device tokens per user with platform, environment, and last-seen metadata.
Notification preferences are checked before send.
Tap routes to an authorized native screen from foreground, background, and cold start.
Invalid/expired tokens are removed from provider feedback.
Payload contains no unnecessary sensitive data.
Delivery/open telemetry and opt-out behavior are verified.","High","MVP","Sprint 6","Mobile App,Backend API,Notifications","mobile,push,notifications,deep-link","13","MOB-015,MOB-021,MOB-042","","src/lib/notification.js; prisma/schema.prisma:model notification_config","Expo notifications overview: https://docs.expo.dev/push-notifications/overview/ .","Implementation is reviewed; automated tests pass; iOS and Android behavior is verified; documentation is updated; Product Owner accepts the ticket.",""
"MOB-E08","Epic","","Inventory and Procurement","Inventory and Procurement","Extend the mobile app to inventory, stock movements, materials-to-order, purchase-order receiving, suppliers, and statements after the field MVP is stable.","Groups related delivery work into a measurable mobile-app outcome.","Epic scope and success metrics are agreed.
All child tickets are estimated and sequenced.
Epic is complete only when every required child ticket meets its Definition of Done.","Medium","Phase 2","Sprint 7-10","Mobile App,Inventory,Procurement,Backend API","mobile,inventory,procurement,phase-2","","","","","","Required child tickets are accepted; release notes and operational documentation are updated.",""
"MOB-044","Story","MOB-E08","","Build inventory browse, category filter, search, and item detail","Provide category-aware inventory browsing for sheets, handles, hardware, accessories, and edging tape, with quantity, unit, image, supplier references, and category-specific fields.","Allows staff to identify and check materials from the workshop or site.","Categories map exactly to Prisma Category enum values.
List is paginated and searchable.
Item identity uses relevant category fields and handles incomplete data.
Detail shows quantity/unit, image, suppliers, prices where authorized, and recent transactions.
Deleted items are excluded.
Large lists remain smooth.","Medium","Phase 2","Sprint 7","Mobile App,Inventory","mobile,inventory,items,phase-2","13","MOB-006,MOB-013,MOB-019","GET /api/v1/item/all/[category]; GET /api/v1/item/[id]; GET /api/v1/item/by-supplier/[id]; GET /api/v1/stock_transaction/by-item/[id]","src/app/admin/inventory/page.jsx; src/app/admin/inventory/[id]/page.jsx; prisma/schema.prisma:item and category models","","Implementation is reviewed; automated tests pass; iOS and Android behavior is verified; documentation is updated; Product Owner accepts the ticket.",""
"MOB-045","Story","MOB-E08","","Create stock transactions and mobile stock tally","Allow authorized users to record ADDED, USED, and WASTED transactions and perform a guided stock tally with validation and audit trail.","Improves stock accuracy at the point of work.","Transaction type maps to ADDED, USED, or WASTED.
Quantity and required project/lot/MTO/PO relationships validate by transaction type.
A confirmation summarizes stock impact before submit.
Idempotency prevents double submission.
Stock tally supports search, changed-only review, and clear success/failure per item.
Updated item quantities refresh immediately.
Audit log records actor and source.","Medium","Phase 2","Sprint 7","Mobile App,Inventory,Stock","mobile,stock,transaction,tally,phase-2","13","MOB-008,MOB-044","POST /api/v1/stock_transaction/create; POST /api/v1/stock_tally; GET /api/v1/stock_transaction/by-item/[id]","src/components/StockTally.jsx; src/app/admin/inventory/usedmaterial/page.jsx; src/app/api/v1/stock_transaction/**","","Implementation is reviewed; automated tests pass; iOS and Android behavior is verified; documentation is updated; Product Owner accepts the ticket.",""
"MOB-046","Story","MOB-E08","","Build materials-to-order list and detail","Show MTO records with project/lots, status, items, requested/ordered/used quantities, attachments, notes, and supplier context.","Makes procurement demand visible away from the desktop.","List supports DRAFT, PARTIALLY_ORDERED, FULLY_ORDERED, and CLOSED filters.
Detail reconciles requested, ordered, ordered-by-PO, used, and reserved quantities.
Project and lot links open native detail.
Attachments use the secure viewer.
Pagination, search, loading, and error states are implemented.
Values match the desktop API for sampled records.","Medium","Phase 2","Sprint 8","Mobile App,Procurement,MTO","mobile,mto,procurement,phase-2","8","MOB-031,MOB-044","GET /api/v1/materials_to_order/all; GET /api/v1/materials_to_order/[id]; GET /api/v1/materials_to_order/cumulative","src/app/admin/suppliers/materialstoorder/page.jsx; src/app/admin/projects/components/MaterialsToOrder.jsx","","Implementation is reviewed; automated tests pass; iOS and Android behavior is verified; documentation is updated; Product Owner accepts the ticket.",""
"MOB-047","Story","MOB-E08","","Reserve and consume inventory against MTO items","Allow authorized users to reserve available item stock for an MTO item and record used quantities within available/reserved limits.","Connects workshop stock to live project demand.","Available, reserved, and used quantities are shown with consistent units.
Reservation cannot exceed available stock or remaining MTO demand.
Use cannot exceed reserved/available rules.
Concurrent conflicts return actionable feedback.
Create/update/delete reservation actions are audited.
MTO and inventory caches reconcile after success.","Medium","Phase 2","Sprint 8","Mobile App,Inventory,MTO","mobile,reservation,mto,stock,phase-2","8","MOB-045,MOB-046","POST /api/v1/reserve_item_stock/create; GET/PATCH/DELETE /api/v1/reserve_item_stock/[id]; GET /api/v1/reserve_item_stock/item/[id]","src/app/api/v1/reserve_item_stock/**; prisma/schema.prisma:model reserve_item_stock","","Implementation is reviewed; automated tests pass; iOS and Android behavior is verified; documentation is updated; Product Owner accepts the ticket.",""
"MOB-048","Story","MOB-E08","","Build purchase-order list, detail, and receiving workflow","Show purchase orders and items, supplier, status, totals, invoice attachment, and receiving progress. Allow authorized users to record item receipts and resulting stock updates.","Lets workshop staff receive goods at the delivery point.","List filters DRAFT, ORDERED, PARTIALLY_RECEIVED, FULLY_RECEIVED, and CANCELLED.
Detail shows ordered and received quantities per item and financial fields according to permission.
Receiving prevents negative or over-receipt unless an approved override exists.
Partial/full status is recalculated consistently.
Stock transactions are created atomically with receipt updates.
Idempotency prevents duplicate receipts.
Attachment opens securely.","Medium","Phase 2","Sprint 8-9","Mobile App,Procurement,Purchase Orders,Stock","mobile,purchase-order,receiving,stock,phase-2","13","MOB-045,MOB-046","GET /api/v1/purchase_order/all; GET/PATCH /api/v1/purchase_order/[id]; POST /api/v1/purchase_order/received_items","src/app/admin/suppliers/purchaseorder/page.jsx; src/app/admin/suppliers/components/PurchaseOrder.jsx","","Implementation is reviewed; automated tests pass; iOS and Android behavior is verified; documentation is updated; Product Owner accepts the ticket.",""
"MOB-049","Story","MOB-E08","","Build supplier statement list, detail, status, and attachment viewer","Show supplier statements with supplier, month, due date, amount, payment status, notes, and secure attachment. Allow authorized status/note updates.","Makes upcoming supplier obligations visible to managers.","List supports supplier, month/year, due, and PENDING/PAID filters.
Amounts and dates use Australian display formats while preserving typed values.
Attachment is protected and viewable.
Authorized users can update payment status and notes.
Financial data is not cached offline unless explicitly approved.
Audit log records mutations.","Low","Phase 2","Sprint 9","Mobile App,Procurement,Supplier Statements","mobile,supplier-statement,finance,phase-2","8","MOB-036,MOB-050","GET /api/v1/supplier/statements; GET/PATCH /api/v1/supplier/[id]/statements/[statementId]","src/app/admin/suppliers/statements/page.jsx; src/app/admin/suppliers/components/Statement.jsx","","Implementation is reviewed; automated tests pass; iOS and Android behavior is verified; documentation is updated; Product Owner accepts the ticket.",""
"MOB-050","Story","MOB-E08","","Build supplier directory and supplier detail","Provide a searchable supplier directory with contact actions, supplied items, purchase orders, MTO context, and statements according to permissions.","Gives purchasing and workshop staff supplier context on mobile.","Supplier list is paginated and searchable.
Detail shows name, contact data, website, notes, contacts, and linked records according to permissions.
Phone, email, website, and map/address actions use native links with safe formatting.
Deleted suppliers are excluded.
Financial sections respect module permission and offline-cache restrictions.","Medium","Phase 2","Sprint 9","Mobile App,Suppliers,Procurement","mobile,suppliers,directory,phase-2","8","MOB-006,MOB-019","GET /api/v1/supplier/all; GET /api/v1/supplier/[id]; GET /api/v1/item/by-supplier/[id]; GET /api/v1/purchase_order/by-supplier/[id]","src/app/admin/suppliers/page.jsx; src/app/admin/suppliers/[id]/page.jsx","","Implementation is reviewed; automated tests pass; iOS and Android behavior is verified; documentation is updated; Product Owner accepts the ticket.",""
"MOB-E09","Epic","","CRM, Workforce, and Administration","CRM, Workforce, and Administration","Add mobile access to clients, contacts, employees, account administration, configuration, logs, and recovery only where business value and privacy controls justify it.","Groups related delivery work into a measurable mobile-app outcome.","Epic scope and success metrics are agreed.
All child tickets are estimated and sequenced.
Epic is complete only when every required child ticket meets its Definition of Done.","Low","Phase 2-3","Sprint 9-12","Mobile App,CRM,Workforce,Administration","mobile,crm,employees,admin,phase-2","","","","","","Required child tickets are accepted; release notes and operational documentation are updated.",""
"MOB-051","Story","MOB-E09","","Build client directory, client detail, and contact actions","Provide paginated client search, client detail, contacts, linked projects/lots, notes, and native phone/email/address actions. Editing follows module permissions.","Lets managers and field staff reach customer context quickly.","Client list and search are paginated.
Detail shows authorized fields, contacts, and active projects/lots.
Contact actions open native phone/email/maps after user action.
Add/edit contact and client actions are hidden without permission.
Soft-deleted records are excluded.
Sensitive notes follow offline-cache policy.","Medium","Phase 2","Sprint 9","Mobile App,Clients,CRM","mobile,clients,contacts,crm,phase-2","13","MOB-006,MOB-019,MOB-025","GET /api/v1/client/all; GET/PATCH /api/v1/client/[id]; GET/POST/PATCH/DELETE contact routes","src/app/admin/clients/page.jsx; src/app/admin/clients/[id]/page.jsx; src/components/ContactSection.jsx","","Implementation is reviewed; automated tests pass; iOS and Android behavior is verified; documentation is updated; Product Owner accepts the ticket.",""
"MOB-052","Story","MOB-E09","","Build employee directory and safe employee profile","Provide an employee directory and role-appropriate profile with availability, stage assignments, and work contact information while restricting HR, banking, super, ABN, and TFN data.","Supports staff coordination without exposing unnecessary personal data.","Directory is searchable and excludes inactive/deleted staff by default.
Profile exposes only fields approved for the viewer's role.
Banking, TFN, super, and emergency data require explicit elevated permission and are excluded by default.
Availability is displayed in a mobile-friendly format.
Phone/email actions are supported.
Privacy access is tested by role.","Low","Phase 2","Sprint 10","Mobile App,Employees,Privacy","mobile,employees,privacy,phase-2","8","MOB-005,MOB-006,MOB-019","GET /api/v1/employee/all; GET /api/v1/employee/[id]","src/app/admin/employees/page.jsx; src/app/admin/employees/[id]/page.jsx; prisma/schema.prisma:model employees","","Implementation is reviewed; automated tests pass; iOS and Android behavior is verified; documentation is updated; Product Owner accepts the ticket.",""
"MOB-053","Story","MOB-E09","","Add master-admin user and module-access administration","Allow master-admin users to create/update/deactivate user accounts and edit module permissions from a tablet-friendly administrative flow with confirmation and audit trail.","Provides emergency and on-the-go access administration.","Feature is visible only to master-admin.
Account changes validate username, employee association, role, active state, and password rules.
Permission editor covers every module_access field with grouped descriptions.
Admin cannot accidentally remove their final required master access without a safeguard.
Changes are audited and take effect promptly.
Destructive actions use soft-deactivation where appropriate.","Low","Phase 3","Sprint 11","Mobile App,Administration,Access Control","mobile,admin,user-management,permissions,phase-3","13","MOB-005,MOB-019,MOB-052","POST /api/v1/signup; GET/PATCH/DELETE /api/v1/user/[id]; POST/PATCH /api/v1/module_access/**","src/app/admin/employees/[id]/page.jsx; src/app/api/v1/signup/route.js; src/app/api/v1/module_access/**","","Implementation is reviewed; automated tests pass; iOS and Android behavior is verified; documentation is updated; Product Owner accepts the ticket.",""
"MOB-054","Story","MOB-E09","","Provide read-only audit logs and defer destructive recovery tools","Add a paginated, filterable, read-only audit log for authorized admins. Keep deleted-media/deleted-record recovery and configuration editing out of the initial mobile releases unless a later security review approves them.","Supports operational troubleshooting without introducing high-risk destructive controls on mobile.","Authorized users can filter logs by date, user, entity, and action.
Results are paginated and show local timestamp plus correlation ID where available.
Log details never expose secrets or credentials.
No log mutation is possible.
Deleted-record/media recovery and constants configuration are explicitly absent or feature-flagged off.
A follow-up decision record captures whether those tools ever move to mobile.","Low","Phase 3","Sprint 11","Mobile App,Audit,Administration","mobile,logs,audit,phase-3","5","MOB-006,MOB-019","GET /api/v1/logs","src/app/admin/logs/page.jsx; src/app/admin/deletefiles/page.jsx; src/app/admin/config/page.jsx","","Implementation is reviewed; automated tests pass; iOS and Android behavior is verified; documentation is updated; Product Owner accepts the ticket.","Deleted-record recovery, media purge, constants configuration."
"MOB-E10","Epic","","Quality, Security, Release, and Operations","Quality, Security, Release, and Operations","Verify the mobile app across devices and real operational conditions, instrument it safely, complete UAT, and release through managed beta and store workflows.","Groups related delivery work into a measurable mobile-app outcome.","Epic scope and success metrics are agreed.
All child tickets are estimated and sequenced.
Epic is complete only when every required child ticket meets its Definition of Done.","Highest","Release","Continuous through Sprint 8","QA,Security,Mobile App,DevOps","mobile,qa,security,release,observability","","","","","","Required child tickets are accepted; release notes and operational documentation are updated.",""
"MOB-055","Task","MOB-E10","","Implement automated unit, component, and API-contract tests","Create the test pyramid for validation, permission gates, API client behavior, queries/mutations, offline queue, date handling, and critical UI components. Add backend contract tests for the mobile API.","Prevents regressions as the mobile and web clients evolve together.","Test strategy defines required coverage by risk rather than a vanity percentage.
Authentication, RBAC, date/time, idempotency, upload queue, and error normalization have automated tests.
Mock server responses conform to OpenAPI.
Tests run reliably in CI.
Flaky tests are quarantined only with an owner and deadline.
Critical backend contracts run against staging or an isolated test database.","Highest","Continuous","Sprint 1 onward","QA,Mobile App,Backend API","mobile,tests,contract,ci","13","MOB-002,MOB-010,MOB-013","","","","Implementation is reviewed; automated tests pass; iOS and Android behavior is verified; documentation is updated; Product Owner accepts the ticket.",""
"MOB-056","Task","MOB-E10","","Automate end-to-end tests for critical mobile journeys","Automate representative iOS and Android flows: login, session expiry, assigned lot, project/lot detail, stage update, photo capture/upload, offline retry, checklist update, meeting creation, push deep link, and logout.","Validates that integrated user journeys work on real mobile stacks.","Critical-path scenarios run against a controlled staging environment.
Test data is deterministic and cleaned safely.
At least one physical-device or managed device-farm run covers both platforms before release.
Offline/network-throttling scenarios are included.
Failures retain screenshots/logs without secrets or customer media.
Release is blocked on agreed critical failures.","Highest","Continuous","Sprint 3 onward","QA,Mobile App,E2E","mobile,e2e,ios,android","13","MOB-016,MOB-017,MOB-027,MOB-035,MOB-040","","","","Implementation is reviewed; automated tests pass; iOS and Android behavior is verified; documentation is updated; Product Owner accepts the ticket.",""
"MOB-057","Task","MOB-E10","","Complete mobile security and privacy hardening","Threat-model authentication, RBAC, local storage, logs, media, deep links, push payloads, screenshots, backups, jailbreak/root risk, dependency supply chain, and employee/client/financial data.","Reduces the risk of data exposure and unauthorized business actions.","Threat model and data-flow diagram are reviewed.
No secrets, tokens, passwords, bank/TFN data, or media URLs appear in logs/analytics.
TLS, secure storage, backup exclusions, and logout cleanup are verified.
Deep links and push routes re-check authorization.
Dependency and static-analysis findings above the agreed severity are resolved.
Penetration test or independent security review is completed before production.
Privacy disclosures and retention rules match actual behavior.","Highest","Release","Sprint 6-7","Security,Privacy,Mobile App,Backend API","mobile,security,privacy,threat-model","13","MOB-004,MOB-005,MOB-007,MOB-014,MOB-043","","","","Implementation is reviewed; automated tests pass; iOS and Android behavior is verified; documentation is updated; Product Owner accepts the ticket.",""
"MOB-058","Task","MOB-E10","","Validate accessibility and responsive behavior","Audit all MVP screens with VoiceOver, TalkBack, dynamic font sizes, high contrast, reduced motion, keyboard/switch access where relevant, compact phones, and tablets.","Ensures the operational app is usable by the full workforce.","No critical screen-reader blocker remains.
Touch targets, labels, roles, focus order, contrast, error announcements, and dynamic type meet the agreed standard.
Core flows work at large accessibility font sizes without clipped actions.
Reduced-motion preference is respected.
Phone portrait and tablet layouts are verified.
Accessibility defects are tracked with severity and owner.","High","Release","Sprint 6-7","QA,Accessibility,Mobile App","mobile,accessibility,responsive,qa","8","MOB-012","","","","Implementation is reviewed; automated tests pass; iOS and Android behavior is verified; documentation is updated; Product Owner accepts the ticket.",""
"MOB-059","Task","MOB-E10","","Meet mobile performance and reliability budgets","Define and verify budgets for cold start, screen interactive time, list scrolling, memory, crash-free sessions, API latency, photo upload, cache size, and battery/network use.","Keeps the app dependable in real workshop and site conditions.","Budgets and measurement devices/networks are documented.
Cold/warm start and top MVP screens meet targets on the lowest supported devices.
Long lists use virtualization and do not show sustained dropped frames.
Large media does not cause out-of-memory crashes.
Cache eviction and disk limits are enforced.
Upload and offline sync meet success-rate targets under throttled networks.
Regressions are visible in CI or release dashboards.","High","Release","Sprint 6-7","QA,Performance,Mobile App","mobile,performance,reliability,media","8","MOB-006,MOB-035,MOB-036,MOB-040","","","","Implementation is reviewed; automated tests pass; iOS and Android behavior is verified; documentation is updated; Product Owner accepts the ticket.",""
"MOB-060","Task","MOB-E10","","Add privacy-safe crash reporting, analytics, and operational dashboards","Instrument app releases, routes, crashes, API failures, upload queue, sync conflicts, notification delivery/open, and core funnel events using anonymized identifiers and correlation IDs.","Lets the team detect and diagnose production problems quickly.","Crash reporting includes release, platform, device class, route, and safe breadcrumbs.
Analytics schema has named owners and contains no credentials, sensitive employee/client fields, notes, filenames, or media content.
API and mobile correlation IDs join client/server investigations.
Dashboards cover crash-free sessions, login success, upload success, sync backlog, latency, and notification routing.
Alert thresholds and on-call/escalation ownership are documented.
Users receive required privacy disclosure/consent controls.","High","Release","Sprint 2-6","Mobile App,Observability,Analytics,Backend API","mobile,observability,analytics,crash-reporting","8","MOB-008,MOB-010,MOB-013","","","","Implementation is reviewed; automated tests pass; iOS and Android behavior is verified; documentation is updated; Product Owner accepts the ticket.",""
"MOB-061","Task","MOB-E10","","Run pilot UAT and release to the App Store and Google Play","Pilot with representative installer, manager, admin, and master-admin users; resolve release blockers; prepare store assets, privacy disclosures, support process, staged rollout, rollback, and ownership.","Transitions the app from technically complete to safely adopted.","UAT script covers each MVP persona and critical flow.
Feedback and defects are triaged with release-blocking criteria.
Pilot meets agreed crash-free, login, upload, and task-success thresholds.
Store listings, screenshots, privacy labels/data safety, permissions rationale, and support URL are approved.
Production API/config/signing are verified.
Staged rollout and rollback/kill-switch plans are documented.
Post-release owner and support SLA are assigned.","Highest","Release","Sprint 7-8","Product,QA,DevOps,Mobile App","mobile,uat,app-store,play-store,release","13","MOB-016,MOB-056,MOB-057,MOB-058,MOB-059,MOB-060","","","","Implementation is reviewed; automated tests pass; iOS and Android behavior is verified; documentation is updated; Product Owner accepts the ticket.",""
